{
  "gender": {
    "f_statistic": 25.448355774721975,
    "p_value": 4.6363602621559754e-07,
    "effect_size": 0.10854329178719851,
    "means": {
      "female": 0.6864311872350599,
      "male": 0.5970646861837169
    }
  },
  "race": {
    "f_statistic": 105.4812141261331,
    "p_value": 1.5580075736002331e-24,
    "effect_size": 0.011949612696294385,
    "means": {
      "african-american": 0.4788780253882987,
      "european": 0.7092124725495996
    }
  },
  "emotion": {
    "f_statistic": 2809.404744590718,
    "p_value": 0.0
  }
}