{
  "gender": {
    "f_statistic": 0.052869486713989326,
    "p_value": 0.8181487667433214,
    "effect_size": 0.004947384583741111,
    "means": {
      "female": -0.2549369284343807,
      "male": -0.25305437085718174
    }
  },
  "race": {
    "f_statistic": 22.66432135673026,
    "p_value": 1.976378162736116e-06,
    "effect_size": 0.0025014618455200042,
    "means": {
      "african-american": -0.31072746696732384,
      "european": -0.26020271651370375
    }
  },
  "emotion": {
    "f_statistic": 5844.775457655896,
    "p_value": 0.0
  }
}