{
  "gender": {
    "f_statistic": 0.9334330323025045,
    "p_value": 0.3339994876620759,
    "effect_size": 0.020788095688693334,
    "means": {
      "female": 0.2529041720684869,
      "male": 0.2452749585555784
    }
  },
  "race": {
    "f_statistic": 60.616916507797065,
    "p_value": 8.166132530666209e-15,
    "effect_size": 0.006853608692050696,
    "means": {
      "african-american": 0.20506322079579462,
      "european": 0.28576476699417114
    }
  },
  "emotion": {
    "f_statistic": 2037.0566522654826,
    "p_value": 0.0
  }
}