{
  "GloVe": {
    "summary_statistics": {
      "count": {
        "Arab/Muslim": 30.0,
        "Black": 50.0,
        "Hispanic": 30.0,
        "White": 50.0
      },
      "mean": {
        "Arab/Muslim": -1.0821892516393488,
        "Black": 0.008608538066834051,
        "Hispanic": 0.7197897552046203,
        "White": 1.2639357236360507
      },
      "std": {
        "Arab/Muslim": 1.7683801089437265,
        "Black": 1.4472099783968078,
        "Hispanic": 1.4291387396058137,
        "White": 1.232080822797979
      },
      "min": {
        "Arab/Muslim": -4.426790614064467,
        "Black": -4.039094576795699,
        "Hispanic": -2.8584887318344707,
        "White": -1.3434806047509844
      },
      "25%": {
        "Arab/Muslim": -2.7023672751758085,
        "Black": -0.6703525665456194,
        "Hispanic": 0.0792629176409218,
        "White": 0.6048926284561074
      },
      "50%": {
        "Arab/Muslim": -0.8193648793593521,
        "Black": 0.13608946933108468,
        "Hispanic": 0.9557272408720425,
        "White": 1.3006763350986916
      },
      "75%": {
        "Arab/Muslim": 0.13608946933108468,
        "Black": 0.6511900838196724,
        "Hispanic": 1.483039154080637,
        "White": 2.046256643397129
      },
      "max": {
        "Arab/Muslim": 2.549249265558606,
        "Black": 2.5555840091071222,
        "Hispanic": 3.23993724854199,
        "White": 4.675542710926211
      }
    },
    "ols_results": {
      "r_squared": 0.2571351221916073,
      "adj_r_squared": 0.24284925915683053,
      "f_value": 17.999271137183,
      "p_value": 4.4092419130961945e-10
    },
    "effect_sizes": {
      "White vs Black": 0.9340532118274875,
      "White vs Hispanic": 0.4078282596003523,
      "White vs Arab/Muslim": 1.5394455607982058,
      "Black vs Hispanic": -0.49449301964812503,
      "Black vs Arab/Muslim": 0.6750844024339562,
      "Hispanic vs Arab/Muslim": 1.1208203646415593
    }
  },
  "GN-Glove": {
    "summary_statistics": {
      "count": {
        "Arab/Muslim": 30.0,
        "Black": 50.0,
        "Hispanic": 30.0,
        "White": 50.0
      },
      "mean": {
        "Arab/Muslim": 0.7022628985064733,
        "Black": 0.6600916551523548,
        "Hispanic": 0.664745181357971,
        "White": 0.6371707584131566
      },
      "std": {
        "Arab/Muslim": 1.1292025708167404e-16,
        "Black": 0.3633646356086129,
        "Hispanic": 0.20549299988333083,
        "White": 0.740436799732827
      },
      "min": {
        "Arab/Muslim": 0.7022628985064735,
        "Black": -1.8243568934736816,
        "Hispanic": -0.42326861594859433,
        "White": -1.9855178139092577
      },
      "25%": {
        "Arab/Muslim": 0.7022628985064735,
        "Black": 0.7022628985064735,
        "Hispanic": 0.7022628985064735,
        "White": 0.7022628985064735
      },
      "50%": {
        "Arab/Muslim": 0.7022628985064735,
        "Black": 0.7022628985064735,
        "Hispanic": 0.7022628985064735,
        "White": 0.7022628985064735
      },
      "75%": {
        "Arab/Muslim": 0.7022628985064735,
        "Black": 0.7022628985064735,
        "Hispanic": 0.7022628985064735,
        "White": 0.7022628985064735
      },
      "max": {
        "Arab/Muslim": 0.7022628985064735,
        "Black": 1.120320522780689,
        "Hispanic": 0.7022628985064735,
        "White": 3.3834829766126524
      }
    },
    "ols_results": {
      "r_squared": 0.0023053215270377736,
      "adj_r_squared": -0.016881114597442126,
      "f_value": 0.12015371234558957,
      "p_value": 0.9481365050414197
    },
    "effect_sizes": {
      "White vs Black": -0.03930090826301945,
      "White vs Hispanic": -0.05074824533506067,
      "White vs Arab/Muslim": -0.12432416562368859,
      "Black vs Hispanic": -0.015765101544736555,
      "Black vs Arab/Muslim": -0.16413029350982053,
      "Hispanic vs Arab/Muslim": -0.25819888974716126
    }
  },
  "Conceptnet": {
    "summary_statistics": {
      "count": {
        "Arab/Muslim": 30.0,
        "Black": 50.0,
        "Hispanic": 30.0,
        "White": 50.0
      },
      "mean": {
        "Arab/Muslim": -0.4521704351721707,
        "Black": -0.3296007236086602,
        "Hispanic": -0.3331913416747136,
        "White": -0.21608962888450065
      },
      "std": {
        "Arab/Muslim": 0.3138254459851436,
        "Black": 0.2983188662997173,
        "Hispanic": 0.3136951980170769,
        "White": 0.36553868155098235
      },
      "min": {
        "Arab/Muslim": -1.113798178824316,
        "Black": -1.041812740268104,
        "Hispanic": -0.8376874506574832,
        "White": -1.1617471358587363
      },
      "25%": {
        "Arab/Muslim": -0.598911519046436,
        "Black": -0.4789580725870024,
        "Hispanic": -0.5514129969314913,
        "White": -0.4193968200679537
      },
      "50%": {
        "Arab/Muslim": -0.43427195561088566,
        "Black": -0.18274665944179525,
        "Hispanic": -0.313403300291164,
        "White": -0.21166498931598793
      },
      "75%": {
        "Arab/Muslim": -0.1963751528627913,
        "Black": -0.18274665944179525,
        "Hispanic": -0.16764149410641807,
        "White": -0.0280369208900276
      },
      "max": {
        "Arab/Muslim": 0.007391693102789865,
        "Black": 0.47132535445308943,
        "Hispanic": 0.7087927168552373,
        "White": 1.0576154219785012
      }
    },
    "ols_results": {
      "r_squared": 0.060651824945146426,
      "adj_r_squared": 0.042587436963322345,
      "f_value": 3.35753555593318,
      "p_value": 0.020421269338814465
    },
    "effect_sizes": {
      "White vs Black": 0.3402345139470641,
      "White vs Hispanic": 0.3438052739354744,
      "White vs Arab/Muslim": 0.6930004031784052,
      "Black vs Hispanic": 0.011730074753387687,
      "Black vs Arab/Muslim": 0.4003317590998813,
      "Hispanic vs Arab/Muslim": 0.379203750734825
    }
  }
}