{
  "gender": {
    "f_statistic": 18.115203005363,
    "p_value": 2.101319068691543e-05,
    "effect_size": 0.09157875331122622,
    "means": {
      "female": 0.9057717945763202,
      "male": 0.9900386985598972
    }
  },
  "race": {
    "f_statistic": 1.725447761433153,
    "p_value": 0.18904564218515918,
    "effect_size": 8.396652947127129e-05,
    "means": {
      "african-american": 0.90216028156195,
      "european": 0.9366536296654479
    }
  },
  "emotion": {
    "f_statistic": 2958.7921240836963,
    "p_value": 0.0
  }
}