{
  "gender": {
    "f_statistic": 11.799369472598759,
    "p_value": 0.0005952941031714564,
    "effect_size": 0.07390988467132843,
    "means": {
      "female": -0.6510640512600108,
      "male": -0.586471684847982
    }
  },
  "race": {
    "f_statistic": 8.823128068218576,
    "p_value": 0.0029866441858102076,
    "effect_size": 0.0009047401516545575,
    "means": {
      "african-american": -0.5202022188739426,
      "european": -0.4515819718173901
    }
  },
  "emotion": {
    "f_statistic": 3003.0153707783156,
    "p_value": 0.0
  }
}